{
    "Default": {
        "Red": [
            1,
            0,
            0
        ],
        "Green": [
            0,
            1,
            0
        ],
        "Blue": [
            0,
            0,
            1
        ],
        "Yellow": [
            1,
            1,
            0
        ],
        "Cyan": [
            0,
            1,
            1
        ]
    },
    "MyPreset": {
        "Red": [
            0.0,
            0.8035082817077637,
            1.0
        ],
        "Green": [
            0.002273103455081582,
            1.0,
            0.0
        ],
        "Blue": [
            1.0,
            0.1782095730304718,
            0.0
        ],
        "Yellow": [
            0.0,
            0.001051991363056004,
            1.0
        ],
        "Cyan": [
            0.004100553225725889,
            1.0,
            0.0
        ],
        "Color 1": [
            0.0,
            0.0,
            0.0
        ],
        "Color 2": [
            1.0,
            1.0,
            1.0
        ]
    }
}